-- phpMyAdmin SQL Dump
-- version 4.9.1
-- https://www.phpmyadmin.net/
--
-- Host: localhost
-- Generation Time: Aug 06, 2023 at 11:06 AM
-- Server version: 5.7.33-0ubuntu0.16.04.1
-- PHP Version: 7.4.15

SET SQL_MODE = "NO_AUTO_VALUE_ON_ZERO";
SET AUTOCOMMIT = 0;
START TRANSACTION;
SET time_zone = "+00:00";


/*!40101 SET @OLD_CHARACTER_SET_CLIENT=@@CHARACTER_SET_CLIENT */;
/*!40101 SET @OLD_CHARACTER_SET_RESULTS=@@CHARACTER_SET_RESULTS */;
/*!40101 SET @OLD_COLLATION_CONNECTION=@@COLLATION_CONNECTION */;
/*!40101 SET NAMES utf8mb4 */;

--
-- Database: `teor_prod`
--

-- --------------------------------------------------------

--
-- Table structure for table `Account`
--

CREATE TABLE `Account` (
  `id` int(11) NOT NULL,
  `userId` int(11) NOT NULL,
  `type` varchar(191) COLLATE utf8mb4_unicode_ci NOT NULL,
  `provider` varchar(191) COLLATE utf8mb4_unicode_ci NOT NULL,
  `providerAccountId` varchar(191) COLLATE utf8mb4_unicode_ci NOT NULL,
  `refresh_token` varchar(191) COLLATE utf8mb4_unicode_ci DEFAULT NULL,
  `access_token` text COLLATE utf8mb4_unicode_ci,
  `expires_at` int(11) DEFAULT NULL,
  `token_type` varchar(191) COLLATE utf8mb4_unicode_ci DEFAULT NULL,
  `scope` varchar(191) COLLATE utf8mb4_unicode_ci DEFAULT NULL,
  `id_token` text COLLATE utf8mb4_unicode_ci,
  `session_state` varchar(191) COLLATE utf8mb4_unicode_ci DEFAULT NULL
) ENGINE=InnoDB DEFAULT CHARSET=utf8mb4 COLLATE=utf8mb4_unicode_ci;

-- --------------------------------------------------------

--
-- Table structure for table `Blog`
--

CREATE TABLE `Blog` (
  `id` int(11) NOT NULL,
  `title` varchar(191) COLLATE utf8mb4_unicode_ci NOT NULL,
  `slug` varchar(191) COLLATE utf8mb4_unicode_ci NOT NULL,
  `content` text COLLATE utf8mb4_unicode_ci NOT NULL,
  `imageSrc` varchar(191) COLLATE utf8mb4_unicode_ci NOT NULL,
  `category` varchar(191) COLLATE utf8mb4_unicode_ci NOT NULL,
  `userId` int(11) NOT NULL,
  `created_at` datetime(3) NOT NULL DEFAULT CURRENT_TIMESTAMP(3)
) ENGINE=InnoDB DEFAULT CHARSET=utf8mb4 COLLATE=utf8mb4_unicode_ci;

--
-- Dumping data for table `Blog`
--

INSERT INTO `Blog` (`id`, `title`, `slug`, `content`, `imageSrc`, `category`, `userId`, `created_at`) VALUES
(1, 'From Horseless Carriages to Autonomous Vehicles', 'from-horseless-carriages-to-autonomous-vehicles', '<p>The automobile, a revolutionary invention of the late 19th century, has become an integral part of modern life, shaping the way we live, work, and travel. Over the decades, cars have undergone significant transformations, evolving from simple horseless carriages to cutting-edge autonomous vehicles. This article delves into the fascinating journey of cars, exploring their history, technological advancements, and the future of transportation.</p><ul><li><strong>The Birth of the Automobile:</strong></li></ul><p>The foundation for the modern car was laid in the late 19th century by inventors like Karl Benz, who is credited with building the first gasoline-powered automobile in 1885. These early vehicles were primarily reserved for the wealthy, as they were expensive and difficult to maintain. However, as mass production techniques developed, the automobile gradually became more accessible to the general public.</p><ul><li><strong>The Age of Mass Production:</strong></li></ul><p>The early 20th century witnessed the advent of assembly lines, pioneered by Henry Ford in 1913. This groundbreaking method of manufacturing drastically reduced production costs, making cars more affordable for the average person. With the introduction of the Model T, Ford\'s vision of putting \"a car in every garage\" became a reality, revolutionizing transportation and modernizing societies.</p><ul><li><strong>Technological Advancements:</strong></li></ul><p>Throughout the 20th century, advancements in technology propelled the automobile industry forward. Key milestones included the introduction of automatic transmissions, power steering, air conditioning, and safety features such as seat belts and airbags. These innovations not only improved the driving experience but also contributed to making cars safer and more comfortable.</p><ul><li><strong>Environmental Concerns:</strong></li></ul><p>As the automobile industry grew, so did concerns about its environmental impact. Fossil fuel consumption and emissions from internal combustion engines became major issues. In response, researchers and automakers turned their attention to alternative propulsion systems, leading to the development of hybrid and electric vehicles. These eco-friendly options aim to reduce carbon emissions and dependence on fossil fuels.</p><p>Conclusion:</p><p>The history of the automobile is a testament to human ingenuity and innovation. From humble beginnings as horseless carriages to the promise of autonomous vehicles, cars have come a long way, shaping the course of history. As we move forward, the key to a sustainable and efficient future lies in striking a balance between technological advancement, environmental responsibility, and societal needs. The journey of the automobile is far from over, and its evolution will continue to impact our lives for generations to come.</p>', 'https://res.cloudinary.com/dev-empty/image/upload/v1691043251/orypcfyntd3kuxl36kkf.jpg', 'Car', 1, '2023-08-03 06:18:48.592'),
(2, 'Unraveling the Innovative Urban Mobility Revolution', 'unraveling-the-innovative-urban-mobility-revolution', '<p>In an era defined by technological advancements and fast-paced living, urban mobility has become a critical aspect of modern life. Ubar, a trailblazing urban mobility concept, has emerged as a disruptive force, revolutionizing the way people move within cities. This article delves into the world of Ubar, exploring its origins, impact, and its potential to reshape the future of transportation.</p><p><strong>What is Ubar?</strong></p><p>Ubar is a portmanteau of \"Urban\" and \"Uber,\" which provides a hint at its purpose. In essence, Ubar is an on-demand ride-sharing service designed specifically for urban environments. Leveraging smartphone apps and advanced algorithms, Ubar connects riders with nearby drivers, offering a convenient and affordable alternative to traditional taxis or public transportation.</p><p><strong>Origin and Growth of Ubar</strong></p><p>The concept of ride-sharing isn\'t entirely new, but it was popularized by Uber, Lyft, and similar services in the early 2010s. These companies disrupted the transportation industry by streamlining the process of hailing a ride and providing a more personalized experience. Ubar, as an extension of this model, focused on addressing the unique challenges of urban mobility.</p><p>As urbanization accelerated and traffic congestion worsened in cities worldwide, Ubar gained rapid acceptance. The convenience of using a smartphone app to summon a nearby driver and the flexibility to choose different vehicle types resonated with urban dwellers. Ubar\'s user-friendly interface and quick response times soon earned it a loyal customer base, leading to its widespread adoption.</p><p><strong>The Benefits of Ubar</strong></p><ol><li>Reduced Traffic Congestion: By facilitating carpooling and optimizing routes, Ubar helps to reduce the number of vehicles on the road, thus easing traffic congestion and decreasing carbon emissions.</li><li>Enhanced Public Transportation: Ubar complements existing public transit systems by offering the \"first and last mile\" solution, bridging gaps between homes or workplaces and public transportation hubs.</li><li>Economic Opportunities: Ubar has created income opportunities for many individuals who can now work as part-time or full-time drivers, contributing to the gig economy.</li><li>Data-Driven Planning: Ubar generates vast amounts of data on urban mobility patterns, which can be invaluable for city planners and policymakers to optimize transportation infrastructure and improve overall efficiency.</li></ol><p><strong>Challenges and Concerns</strong></p><p>Despite its positive impact, Ubar also faces some challenges and concerns:</p><ol><li>Regulatory Issues: Ubar\'s rapid growth has often outpaced regulatory frameworks, leading to disputes with local authorities and traditional taxi services.</li><li>Labor and Workers\' Rights: The gig economy nature of Ubar\'s drivers raises questions about job security, benefits, and fair wages, sparking debates around workers\' rights.</li><li>Traffic Congestion: While Ubar can help reduce traffic, it can also contribute to congestion if a significant number of drivers are on the road without passengers, seeking fares.</li></ol><p>As Ubar continues to evolve, it must address these challenges while embracing innovations and partnerships to maintain its competitive edge. The future of Ubar may hold the following developments.</p>', 'https://res.cloudinary.com/dev-empty/image/upload/v1691043602/lusdr1mnyw1htzzxbeed.jpg', 'Technology', 1, '2023-08-03 06:24:31.166'),
(3, 'The Evolution of Fashion in the 21st Century', 'the-evolution-of-fashion-in-the-21st-century', '<p>Fashion is an ever-evolving phenomenon that constantly reflects the zeitgeist of its time. The 21st century has witnessed a significant transformation in the world of fashion, ushering in a new era of modernity and innovation. From sustainability and inclusivity to digital advancements and futuristic designs, modern fashion has become a powerful medium for self-expression and cultural commentary. This article explores the key aspects that define modern fashion and how it has evolved to resonate with the contemporary lifestyle.</p><p><strong>Sustainable Fashion: An Ethical Approach</strong></p><p>As the environmental crisis deepens, the fashion industry has undergone a paradigm shift towards sustainability. Modern fashion houses now emphasize eco-friendly materials, ethical production practices, and recycling initiatives. Sustainable fashion represents a commitment to minimizing the environmental impact of clothing manufacturing and encourages consumers to make conscious choices about their wardrobe. From vegan leather and organic cotton to upcycled garments, sustainable fashion has become a driving force in reshaping the industry.</p><p>Inclusivity and Diversity: Breaking Stereotypes</p><p>Modern fashion celebrates diversity and inclusivity like never before. The once-exclusive and homogenous world of fashion has made strides towards being more representative of different body types, ethnicities, genders, and ages. The rise of diverse models on runways and in campaigns showcases the industry\'s efforts to challenge conventional beauty standards and break stereotypes. Inclusivity has become a driving force for brands, fostering a more authentic and relatable connection with their audience.</p><p>Digital Fashion: The Intersection of Technology and Style</p><p>Technology has significantly impacted the world of fashion, giving rise to digital fashion experiences. Virtual fashion shows, augmented reality try-ons, and digital clothing have become increasingly common. Brands are leveraging social media and e-commerce platforms to connect with a global audience and deliver personalized shopping experiences. Digital fashion blurs the line between the physical and virtual worlds, providing new avenues for creativity and self-expression.</p><p>Minimalism and Versatility: Embracing Functionality</p><p>In an era where simplicity and versatility are valued, minimalism has found its place in modern fashion. Clean lines, neutral colors, and timeless designs have become synonymous with contemporary aesthetics. The rise of capsule wardrobes, where fewer pieces are styled in multiple ways, reflects a shift towards mindful consumption. Modern fashion embraces functionality, encouraging consumers to invest in high-quality pieces that stand the test of time.</p>', 'https://res.cloudinary.com/dev-empty/image/upload/v1691043890/eebm9ykgvfic1knkrxwf.jpg', 'Modern', 1, '2023-08-03 06:27:55.854'),
(4, 'A Revolution on Our Wrists', 'a-revolution-on-our-wrists', '<p>In recent years, the world has witnessed a technological revolution that has extended its influence to our wrists: the smartwatch. These sleek, compact devices have quickly become an integral part of our daily lives, transforming the way we interact with technology and enhancing our overall well-being. In this article, we explore the fascinating world of smartwatches, their evolution, features, and their impact on various aspects of our lives.</p><p>1. The Evolution of Smartwatches:</p><p>The concept of a smartwatch dates back to the early 1980s, but it wasn\'t until the last decade that technological advancements truly propelled them into the mainstream. The first modern smartwatches, such as Pebble and Samsung Galaxy Gear, hit the market around 2012. Since then, numerous companies, including Apple, Garmin, Fitbit, and Huawei, have joined the race, constantly pushing the boundaries of innovation.</p><p>2. Features and Functions:</p><p>Smartwatches have come a long way from their humble beginnings as simple extensions of our smartphones. Today, they are sophisticated wearable devices equipped with a wide array of features and functions. The core capabilities typically include:</p><p>a. Notifications: Receive and respond to messages, calls, emails, and app alerts directly from your wrist, keeping you connected on the go.</p><p>b. Fitness and Health Tracking: Smartwatches have become invaluable companions for health-conscious individuals. They can track heart rate, steps taken, sleep patterns, calories burned, and even monitor stress levels.</p><p>c. GPS and Navigation: Turn-by-turn navigation and location tracking are among the many benefits of a GPS-enabled smartwatch, making it an ideal companion for outdoor activities.</p><p>d. Music and Media Control: Smartwatches enable seamless control of music playback and media content, making workouts or commutes more enjoyable.</p><p>e. App Ecosystem: Just like smartphones, smartwatches support a vast ecosystem of applications, allowing users to customize their devices based on personal preferences and needs.</p><p>f. Voice Assistants: With built-in voice assistants like Siri, Google Assistant, or Alexa, smartwatches offer hands-free control and quick access to information.</p><p>3. The Impact on Everyday Life:</p><p>Smartwatches have revolutionized the way we manage our lives, blurring the lines between technology and daily routines. They have become more than just time-telling devices; they act as personal assistants that enhance productivity and keep us organized. From scheduling reminders, setting alarms, and tracking appointments to monitoring fitness goals and managing communications, these wearable gadgets have seamlessly integrated into our lifestyles.</p><p>4. Health and Fitness Revolution:</p><p>One of the most significant impacts of smartwatches has been in the domain of health and fitness. By providing real-time data on heart rate, sleep patterns, and activity levels, they empower users to take charge of their well-being. The integration of health-oriented applications has encouraged people to adopt healthier lifestyles, leading to reduced sedentary behavior and increased physical activity.</p><p>5. Privacy and Security Concerns:</p><p>As smartwatches become an extension of our digital lives, concerns regarding data privacy and security have surfaced. The data collected by these devices, ranging from health information to location data, can be vulnerable to hacking and misuse. Manufacturers have a responsibility to address these concerns and ensure robust security measures to protect users\' sensitive information.</p><p>Conclusion:</p><p>The smartwatch phenomenon has transformed the wearable technology landscape.</p>', 'https://res.cloudinary.com/dev-empty/image/upload/v1691060577/gfv4quhydqd82jduf0as.jpg', 'Technology', 1, '2023-08-03 11:04:23.943'),
(5, 'A Journey Through Sound', 'a-journey-through-sound', '<p>Headphones have come a long way since their inception, transcending from basic audio accessories to sophisticated pieces of audio technology. These small, yet powerful devices have revolutionized the way we listen to music, watch movies, play games, and even communicate. In this article, we explore the fascinating evolution of headphones, from their early beginnings to the modern marvels that grace our ears today.</p><p>1. The Early Days of Headphones:</p><p>The concept of headphones dates back to the late 19th century, primarily for use in early telephone systems and radio communication. Early headphone models were bulky, cumbersome, and featured single earpieces connected by wires. It wasn\'t until the 1950s that headphones began to resemble the more familiar over-ear and on-ear designs we know today.</p><p>2. The Age of Hi-Fi:</p><p>The 1960s and 1970s marked the rise of high-fidelity (hi-fi) audio systems, and headphones played a crucial role in delivering an immersive listening experience. During this period, manufacturers started focusing on sound quality, leading to the development of better driver technologies and improved materials. Over-ear headphones gained popularity as they provided excellent sound isolation and comfort.</p><p>3. The Walkman Era:</p><p>The introduction of the Sony Walkman in the late 1970s revolutionized portable music consumption. Compact, lightweight, and easily portable headphones became a must-have accessory for music lovers on the go. The advent of cassette tapes, and later CDs and MP3 players, further propelled the demand for headphones as a staple audio accessory.</p><p>4. The Digital Age and Wireless Revolution:</p><p>The dawn of the digital age in the late 1990s brought about significant changes to headphone technology. As digital audio formats like MP3 and streaming services gained popularity, headphones needed to adapt. The introduction of digital audio players and smartphones led to the development of in-ear and earbud-style headphones, which offered greater portability and convenience.</p><p>The 21st century witnessed a paradigm shift with the wireless revolution. Bluetooth technology made its way into headphones, eliminating the need for tangled wires and providing users with newfound freedom. Wireless headphones now dominate the market, with advancements in battery life, sound quality, and noise-cancellation technology.</p><p>5. Noise-Cancellation and Immersive Audio:</p><p>Noise-cancellation technology has been a game-changer in the headphone industry. Active noise-cancellation (ANC) headphones use microphones to analyze external sounds and create inverse sound waves, effectively canceling out ambient noise. This innovation has transformed the listening experience, especially in noisy environments like airplanes and bustling urban settings.</p><p>Additionally, headphones with surround sound and spatial audio capabilities have gained popularity. These headphones offer a more immersive and 3D-like audio experience, making them ideal for gaming, virtual reality, and movies.</p><p>6. From Headphones to \"Hearables\":</p><p>In recent years, the term \"hearables\" has emerged to describe a new generation of smart headphones that go beyond audio playback. These devices integrate various features, such as biometric sensors for health tracking, voice assistants for hands-free interaction, and language translation capabilities. Hearables have evolved into versatile, multifunctional devices that cater to users\' needs beyond audio entertainment.</p><p><strong>Conclusion:</strong></p><p>Headphones have witnessed a remarkable journey of evolution, evolving from simple single-ear listening devices to high-fidelity, wireless, and smart hearables. Their impact on how we consume and experience audio cannot be understated. As technology continues to advance, we can expect even more exciting innovations in the world of headphones, making the way we interact with sound an ever more enriching and immersive experience.</p>', 'https://res.cloudinary.com/dev-empty/image/upload/v1691060691/tisr0ov55q5myllkwsac.jpg', 'Technology', 1, '2023-08-03 11:06:02.078'),
(6, 'A Gastronomic Journey', 'a-gastronomic-journey', '<p>Food is an essential aspect of human existence that goes beyond mere sustenance. It is an art form that reflects cultural diversity, creativity, and the culinary expertise of societies around the world. Beyond its delectable flavors and textures, food holds profound cultural, social, and emotional significance. In this article, we explore the multifaceted world of food, delving into its cultural roots, health implications, and its power to bring people together.</p><p>1. The Cultural Tapestry of Food:</p><p>Food is an expression of culture, tradition, and heritage. Each country and community boasts its unique culinary identity, shaped by local ingredients, cooking techniques, and historical influences. From Italian pasta to Japanese sushi and Indian curries, each dish carries the rich flavors of its roots, weaving a vibrant tapestry of culinary traditions that unite and celebrate diverse cultures.</p><p>2. The Science of Taste and Flavor:</p><p>The enjoyment of food goes beyond taste; it is a symphony of flavors, textures, and aromas. The science of taste explores how our taste buds perceive sweet, salty, sour, bitter, and umami flavors, while aroma compounds interact with our olfactory receptors to create a rich sensory experience. Chefs and food scientists masterfully blend ingredients to create harmonious flavor profiles that tantalize our palates.</p><p>3. The Health and Nutrition Perspective:</p><p>Food plays a pivotal role in our health and well-being. A balanced and nutritious diet is essential for optimal physical and mental function. The global food landscape has seen a shift towards more health-conscious choices, with a growing emphasis on organic produce, plant-based diets, and mindful eating. Awareness of food allergies and intolerances has also increased, prompting the development of allergen-free alternatives to cater to diverse dietary needs.</p><p>4. Culinary Innovations and Fusion Cuisine:</p><p>Innovation in the culinary world has led to the emergence of fusion cuisine, blending elements from different cultures to create exciting new flavors. This culinary experimentation breathes new life into traditional dishes, sparking creativity and inspiration among chefs and food enthusiasts alike. From sushi burritos to Indian-inspired tacos, fusion cuisine challenges conventional boundaries, making dining experiences truly adventurous.</p><p>5. Food and Social Connections:</p><p>Food has an uncanny ability to bring people together. Whether it\'s a family dinner, a festive gathering, or a romantic date night, food serves as a medium for creating lasting memories and fostering social bonds. Sharing a meal transcends language barriers and cultural differences, enabling us to connect on a deeper level and forge meaningful relationships.</p><p>6. Food Sustainability and Ethical Consumption:</p><p>As the global population grows, concerns over food sustainability and ethical consumption have become increasingly important. Sustainable farming practices, reducing food waste, and supporting local produce are all steps towards creating a more environmentally conscious food system. Conscious consumers are advocating for ethically sourced ingredients and supporting companies that prioritize social and environmental responsibility.</p><p>Conclusion:</p><p>Food is a powerful force that nourishes not only our bodies but also our minds and souls. It represents the heart of cultural identity, creativity, and human connection. From the traditional dishes passed down through generations to the innovative culinary creations of today, food continues to evolve and inspire. Embracing a diverse and sustainable approach to food allows us to celebrate our cultural heritage, savor new flavors, and build a healthier, more harmonious world through the shared experience of a delicious meal.</p>', 'https://res.cloudinary.com/dev-empty/image/upload/v1691060801/h4qmvs7ohm7gajbdy1zg.jpg', 'Restaurant', 1, '2023-08-03 11:08:43.710'),
(7, 'A Journey of Innovation and Impact', 'a-journey-of-innovation-and-impact', '<p>Technology has become an inseparable part of modern human life, transforming the way we communicate, work, learn, and interact with the world. From the advent of the printing press to the age of artificial intelligence, the evolution of technology has been marked by groundbreaking innovations that continually shape our societies. In this article, we embark on a journey through the history, current landscape, and future prospects of technology, exploring its immense impact on various aspects of our lives.</p><p>1. A Brief History of Technological Advancement:</p><p>The story of technology begins with primitive tools and gradually progresses through significant milestones. The industrial revolution of the 18th and 19th centuries mechanized production processes, bringing mass manufacturing and transportation to the forefront. The 20th century witnessed the rise of electricity, telecommunications, and computing, leading to a technological revolution that laid the foundation for the digital age.</p><p>2. The Digital Age and Connectivity:</p><p>The emergence of computers and the internet in the late 20th century marked a paradigm shift in human history. The digital age opened up new avenues for communication, commerce, and knowledge-sharing. The internet became a global network, connecting people across borders and revolutionizing how we access information and interact with one another. Today, the proliferation of smartphones and high-speed internet has made connectivity an integral part of daily life.</p><p>3. The Power of Artificial Intelligence:</p><p>Artificial Intelligence (AI) is one of the most transformative technologies of our time. AI-powered systems can analyze vast amounts of data, recognize patterns, and make decisions, revolutionizing industries such as healthcare, finance, transportation, and entertainment. As AI continues to advance, the ethical considerations surrounding its use and potential impact on the job market remain significant areas of debate.</p><p>4. Technology in Education and Learning:</p><p>Technology has revolutionized the field of education, making learning more accessible, personalized, and interactive. Online courses, virtual classrooms, and e-learning platforms have democratized education, enabling people to acquire knowledge regardless of geographical constraints. Additionally, interactive learning tools and virtual reality (VR) applications have enhanced engagement and understanding for students.</p><p>5. The Influence of Social Media:</p><p>Social media platforms have become cultural phenomena, reshaping how we communicate, share information, and engage with current events. While social media provides opportunities for connection and networking, it also raises concerns about privacy, online safety, and the spread of misinformation. Striking a balance between the positive impact of social media and mitigating its negative effects remains a challenge.</p><p>6. Technology for Sustainability:</p><p>As the world faces pressing environmental challenges, technology plays a critical role in promoting sustainability and mitigating climate change. Renewable energy solutions, smart grids, and energy-efficient technologies are driving a transition to a greener future. Additionally, innovations in agriculture, waste management, and transportation are contributing to more sustainable practices on a global scale.</p><p>Conclusion:</p><p>Technology\'s relentless march of innovation has permeated every aspect of human existence, fundamentally transforming how we live, work, and relate to one another. From the industrial revolution to the digital age, and the rise of AI, technology continues to push the boundaries of what\'s possible. While its impact has been undeniably positive, it also brings challenges that require careful consideration, such as privacy concerns, ethical implications, and environmental impacts.</p><p>As we look to the future, embracing technology responsibly and ethically will be essential in harnessing its full potential for the betterment of society. By leveraging the power of technology to address global challenges, fostering inclusivity, and nurturing innovation, we can build a more connected, sustainable, and prosperous world for generations to come.</p>', 'https://res.cloudinary.com/dev-empty/image/upload/v1691060989/t7pjsl8qoonqnbuz9xfh.jpg', 'Technology', 1, '2023-08-03 11:10:53.612'),
(8, 'The Evolution of Modern Fashion', 'the-evolution-of-modern-fashion', '<p>Modern fashion is an ever-changing expression of individuality, creativity, and societal values. From runway trends to streetwear influences, the world of fashion has evolved significantly in recent years. Today\'s fashion industry embraces diversity, inclusivity, and sustainability, reflecting the changing attitudes and aspirations of consumers. In this article, we explore the key facets of modern fashion, the impact of technology, and the growing focus on sustainability in the pursuit of a more conscious and responsible fashion landscape.</p><p>1. Fashion as a Form of Self-Expression:</p><p>Modern fashion celebrates the uniqueness of individuals, allowing people to express their identities, preferences, and personalities through clothing. The fashion industry has moved beyond rigid norms and stereotypes, embracing inclusivity and challenging conventional beauty standards. Diverse representation in advertisements and fashion shows is now celebrated, making a statement about the power of authenticity and self-expression.</p><p>2. The Influence of Technology on Fashion:</p><p>Technology has revolutionized every aspect of the fashion industry, from design and manufacturing to marketing and retail. The rise of e-commerce and social media has transformed how consumers engage with fashion. Virtual fashion shows, augmented reality try-ons, and personalized shopping experiences are becoming commonplace, bridging the gap between high-end luxury and fast fashion accessibility.</p><p>3. Sustainability and Ethical Fashion:</p><p>With growing awareness of the environmental and social impact of the fashion industry, sustainability has emerged as a pivotal movement in modern fashion. Consumers are increasingly seeking ethically produced, eco-friendly garments and supporting brands committed to transparent supply chains and fair labor practices. From upcycling and recycling initiatives to eco-conscious materials, sustainable fashion aims to minimize waste and promote responsible consumption.</p><p>4. Minimalism and Versatility:</p><p>In the face of fast fashion\'s rapid turnover of trends, a counter-movement towards minimalism and versatility has gained traction. Timeless, classic pieces that transcend seasons and can be styled in various ways are becoming wardrobe staples. The capsule wardrobe concept encourages consumers to invest in high-quality, long-lasting garments, reducing fashion-related waste and promoting mindful consumption.</p><p>5. Gender-Neutral and Unisex Fashion:</p><p>Breaking away from traditional gender norms, modern fashion has witnessed a surge in gender-neutral and unisex designs. Fashion designers are creating collections that cater to all genders, embracing fluidity and diversity. This shift challenges the binary notions of masculinity and femininity, fostering a more inclusive and open-minded approach to fashion.</p><p>6. Fashion as a Tool for Social Change:</p><p>Fashion has the potential to be a powerful agent of social change. Many designers and brands are using their platforms to advocate for important social issues, such as body positivity, racial equality, and LGBTQ+ rights. Collaborations between fashion and social initiatives have raised awareness and funds for charitable causes, illustrating the impact fashion can have beyond aesthetics.</p><p>Conclusion:</p><p>Modern fashion is a dynamic and ever-evolving canvas that reflects the diversity, values, and aspirations of our society. It is a realm where individuality is celebrated, where technology drives innovation, and where sustainability and ethical practices are gaining momentum. Fashion has the ability to shape perceptions, challenge norms, and contribute to positive change. By embracing inclusivity, promoting sustainability, and using fashion as a force for good, the modern fashion industry has the potential to inspire a more conscious and compassionate world. As we move forward, the fusion of creativity, technology, and responsible practices will continue to redefine fashion\'s landscape and its place in our lives.</p>', 'https://res.cloudinary.com/dev-empty/image/upload/v1691061067/f2feazpqp3slmkea7723.jpg', 'Modern', 1, '2023-08-03 11:12:29.060'),
(9, 'A Call to Action for a Sustainable Future', 'a-call-to-action-for-a-sustainable-future', '<p>Our environment, the delicate web of ecosystems that support life on Earth, is facing unprecedented challenges in the modern era. Human activities, industrialization, and climate change are placing immense pressure on our natural resources and biodiversity. In this article, we explore the importance of safeguarding our environment, the impact of human actions, and the urgent need for collective efforts to build a sustainable future for generations to come.</p><p>1. The Significance of a Healthy Environment:</p><p>The environment is the foundation of life. It provides us with clean air to breathe, water to drink, fertile soils for agriculture, and habitats for countless plant and animal species. Our well-being is intrinsically linked to the health of the environment, making its preservation vital for the survival of all life forms, including humans.</p><p>2. The Impact of Human Activities:</p><p>Human activities have significantly altered the environment. Deforestation, overexploitation of natural resources, pollution, and greenhouse gas emissions are contributing to climate change, loss of biodiversity, and environmental degradation. The rapid pace of urbanization and industrialization has put immense strain on ecosystems, leading to habitat destruction and species extinction.</p><p>3. Climate Change and Its Consequences:</p><p>Climate change, primarily driven by human-induced greenhouse gas emissions, is one of the most pressing environmental challenges of our time. Rising global temperatures lead to extreme weather events, melting glaciers, rising sea levels, and disrupted ecosystems. These changes pose a direct threat to vulnerable communities, wildlife, and natural habitats.</p><p>4. The Role of Sustainable Practices:</p><p>Adopting sustainable practices is crucial for preserving the environment and mitigating the effects of climate change. Sustainable agriculture, renewable energy, waste reduction, and responsible consumption are just a few examples of actions that can lessen our ecological footprint. Businesses, governments, and individuals all have a role to play in transitioning to a sustainable way of life.</p><p>5. Protecting Biodiversity:</p><p>Biodiversity, the variety of life on Earth, is essential for maintaining ecosystem balance and resilience. Conserving biodiversity means protecting habitats, preventing species extinction, and safeguarding the genetic diversity that enables life to adapt to changing environmental conditions. Efforts to protect endangered species and establish protected areas are critical in this regard.</p><p>6. Collective Responsibility and Action:</p><p>Addressing environmental challenges requires a global collective effort. International cooperation, agreements like the Paris Agreement, and the adoption of the United Nations Sustainable Development Goals (SDGs) aim to unite countries and stakeholders in a shared mission to protect the environment. However, individual action is equally important. Simple steps, such as reducing plastic usage, conserving water, and supporting sustainable products, can collectively make a significant impact.</p><p>Conclusion:</p><p>Our environment is a finite and precious resource that sustains all life on Earth. The challenges we face are complex, but the solutions are within our reach. By prioritizing sustainability, embracing renewable energy, promoting biodiversity conservation, and supporting policies that protect our environment, we can work towards a brighter and more sustainable future.</p><p>Every individual has the power to contribute to positive change through conscious choices and responsible actions. Together, let us recognize the urgent need to preserve and protect our environment. It is only through collective efforts and a shared commitment to sustainability that we can ensure a harmonious coexistence with nature and create a legacy of environmental stewardship for generations to come.</p>', 'https://res.cloudinary.com/dev-empty/image/upload/c_crop,h_672,w_936/v1691315706/product34.jpg', 'Islands', 1, '2023-08-03 11:14:17.389'),
(11, 'A Gastronomic Journey part 2', 'a-gastronomic-journey-part-2', '<p>Food is an essential aspect of human existence that goes beyond mere sustenance. It is an art form that reflects cultural diversity, creativity, and the culinary expertise of societies around the world. Beyond its delectable flavors and textures, food holds profound cultural, social, and emotional significance. In this article, we explore the multifaceted world of food, delving into its cultural roots, health implications, and its power to bring people together.</p><p>1. The Cultural Tapestry of Food:</p><p>Food is an expression of culture, tradition, and heritage. Each country and community boasts its unique culinary identity, shaped by local ingredients, cooking techniques, and historical influences. From Italian pasta to Japanese sushi and Indian curries, each dish carries the rich flavors of its roots, weaving a vibrant tapestry of culinary traditions that unite and celebrate diverse cultures.</p><p>2. The Science of Taste and Flavor:</p><p>The enjoyment of food goes beyond taste; it is a symphony of flavors, textures, and aromas. The science of taste explores how our taste buds perceive sweet, salty, sour, bitter, and umami flavors, while aroma compounds interact with our olfactory receptors to create a rich sensory experience. Chefs and food scientists masterfully blend ingredients to create harmonious flavor profiles that tantalize our palates.</p><p>3. The Health and Nutrition Perspective:</p><p>Food plays a pivotal role in our health and well-being. A balanced and nutritious diet is essential for optimal physical and mental function. The global food landscape has seen a shift towards more health-conscious choices, with a growing emphasis on organic produce, plant-based diets, and mindful eating. Awareness of food allergies and intolerances has also increased, prompting the development of allergen-free alternatives to cater to diverse dietary needs.</p><p>4. Culinary Innovations and Fusion Cuisine:</p><p>Innovation in the culinary world has led to the emergence of fusion cuisine, blending elements from different cultures to create exciting new flavors. This culinary experimentation breathes new life into traditional dishes, sparking creativity and inspiration among chefs and food enthusiasts alike. From sushi burritos to Indian-inspired tacos, fusion cuisine challenges conventional boundaries, making dining experiences truly adventurous.</p><p>5. Food and Social Connections:</p><p>Food has an uncanny ability to bring people together. Whether it\'s a family dinner, a festive gathering, or a romantic date night, food serves as a medium for creating lasting memories and fostering social bonds. Sharing a meal transcends language barriers and cultural differences, enabling us to connect on a deeper level and forge meaningful relationships.</p><p>6. Food Sustainability and Ethical Consumption:</p><p>As the global population grows, concerns over food sustainability and ethical consumption have become increasingly important. Sustainable farming practices, reducing food waste, and supporting local produce are all steps towards creating a more environmentally conscious food system. Conscious consumers are advocating for ethically sourced ingredients and supporting companies that prioritize social and environmental responsibility.</p><p>Conclusion:</p><p>Food is a powerful force that nourishes not only our bodies but also our minds and souls. It represents the heart of cultural identity, creativity, and human connection. From the traditional dishes passed down through generations to the innovative culinary creations of today, food continues to evolve and inspire. Embracing a diverse and sustainable approach to food allows us to celebrate our cultural heritage, savor new flavors, and build a healthier, more harmonious world through the shared experience of a delicious meal.</p>', 'https://res.cloudinary.com/dev-empty/image/upload/c_crop,h_672,w_936/v1691315939/product28.jpg', 'Restaurant', 1, '2023-08-03 11:08:43.710');

-- --------------------------------------------------------

--
-- Table structure for table `Favourite`
--

CREATE TABLE `Favourite` (
  `id` int(11) NOT NULL,
  `userId` int(11) NOT NULL,
  `listingId` int(11) NOT NULL,
  `created_at` datetime(3) NOT NULL DEFAULT CURRENT_TIMESTAMP(3)
) ENGINE=InnoDB DEFAULT CHARSET=utf8mb4 COLLATE=utf8mb4_unicode_ci;

-- --------------------------------------------------------

--
-- Table structure for table `Listing`
--

CREATE TABLE `Listing` (
  `id` int(11) NOT NULL,
  `userId` int(11) NOT NULL,
  `title` varchar(191) COLLATE utf8mb4_unicode_ci NOT NULL,
  `slug` varchar(191) COLLATE utf8mb4_unicode_ci NOT NULL,
  `description` text COLLATE utf8mb4_unicode_ci NOT NULL,
  `imageSrc` varchar(191) COLLATE utf8mb4_unicode_ci NOT NULL,
  `address` varchar(191) COLLATE utf8mb4_unicode_ci NOT NULL,
  `features` text COLLATE utf8mb4_unicode_ci NOT NULL,
  `created_at` datetime(3) NOT NULL DEFAULT CURRENT_TIMESTAMP(3),
  `location_value` varchar(191) COLLATE utf8mb4_unicode_ci NOT NULL,
  `price` int(11) NOT NULL,
  `status` enum('Pending','Approved') COLLATE utf8mb4_unicode_ci NOT NULL DEFAULT 'Pending',
  `latitude` double NOT NULL,
  `longitude` double NOT NULL,
  `category` varchar(191) COLLATE utf8mb4_unicode_ci NOT NULL
) ENGINE=InnoDB DEFAULT CHARSET=utf8mb4 COLLATE=utf8mb4_unicode_ci;

--
-- Dumping data for table `Listing`
--

INSERT INTO `Listing` (`id`, `userId`, `title`, `slug`, `description`, `imageSrc`, `address`, `features`, `created_at`, `location_value`, `price`, `status`, `latitude`, `longitude`, `category`) VALUES
(3, 1, 'Homestead Miami Speedway', 'homestead-miami-speedway', '<p><span style=\"color: rgb(42, 42, 51);\">1 bedroom /1 bath Studio apartment with independent entrance and side yard.</span></p><p><span style=\"color: rgb(42, 42, 51);\">Located in a quiet neighborhood just off Exit 5 on the Fl Turnpike. Close to Fl Keys, shopping centers, and restaurants. Only a couple miles from Homestead Airbase and minutes from the Homestead Miami Speedway.</span></p><p><br></p><p><span style=\"color: rgb(42, 42, 51);\">Rent includes water and electricity.</span></p>', 'https://res.cloudinary.com/dev-empty/image/upload/v1690703448/ytg9nffzfs4hicpqa2ar.jpg', '14454 SW 299th Ter, # B, Homestead, FL 33033', '<h6>Bedrooms and bathrooms</h6><ul><li>Bedrooms:&nbsp;0</li><li>Bathrooms:&nbsp;1</li><li>Full bathrooms:&nbsp;1</li></ul><p><strong style=\"color: rgb(42, 42, 51);\">Cooling</strong></p><ul><li>Cooling features:&nbsp;Other</li></ul>', '2023-07-30 07:52:27.999', 'Belgium', 1300, 'Pending', 50.503887, 4.469936, 'Real Estate'),
(4, 1, 'Istanbul Baking Company', 'istanbul-baking-company', '<p>In Istanbul Baking Company, our mission is to provide quality baked goods that are wholesome and organic in nature; and to provide our baked goods in an environment that is positive, creative, and friendly to our community.</p>', 'https://res.cloudinary.com/dev-empty/image/upload/v1690703825/a5xypvczth0bi1wyfac7.jpg', 'Veli Alemdar Han No: 49 Karaköy Beyoğlu, Istanbul 34425 Türkiye', '<p><strong>PRICE RANGE</strong></p><p>R$2 - R$6</p><p><strong>CUISINES</strong></p><p>Cafe</p><p><strong>MEALS</strong></p><p>Breakfast, Lunch, Dinner, Drinks</p>', '2023-07-30 07:58:59.284', 'Turkey', 5, 'Pending', 38.963745, 35.24332, 'Restaurant'),
(7, 1, 'ITC Hotels, Dwarka, New Delhi', 'itc-hotels-dwarka-new-delhi', '<ul><li><strong>Opened: 2010</strong></li><li><strong>Renovated: 2010</strong></li><li><strong>Number of Rooms: 284</strong></li></ul><p>A stay at Welcomhotel by ITC Hotels, Dwarka, New Delhi places you in the heart of New Delhi, a 6-minute drive from Iskcon Temple and 12 minutes from Pacific Mall. This 5-star hotel is 9 mi (14.5 km) from Worldmark and 10.7 mi (17.2 km) from Deer Park.</p><p>Be sure to enjoy recreational amenities including a health club and an outdoor pool. Additional amenities at this Art Deco hotel include complimentary wireless Internet access, concierge services, and gift shops/newsstands. Guests can get around on the shuttle (surcharge), which operates within 12.00 km.</p><p>Enjoy international cuisine at Pavilion 75, one of the hotel\'s 2 restaurants, or stay in and take advantage of the room service (during limited hours). Snacks are also available at the coffee shop/cafe. Wrap up your day with a drink at the bar/lounge. Buffet breakfasts are available daily from 7 AM to 10:30 AM for a fee.</p><p>Featured amenities include complimentary wired Internet access, a 24-hour business center, and limo/town car service. Planning an event in New Delhi? This hotel has 23000 square feet (2137 square meters) of space consisting of conference space and a meeting room. A roundtrip airport shuttle is provided for a surcharge (available 24 hours), and free valet parking is available onsite.</p><p>Make yourself at home in one of the 322 individually furnished guestrooms, featuring minibars and LCD televisions. Your Select Comfort bed comes with down comforters and premium bedding. Complimentary wired and wireless Internet access keeps you connected, and satellite programming provides entertainment. Private bathrooms with showers feature rainfall showerheads and complimentary toiletries.</p>', 'https://res.cloudinary.com/dev-empty/image/upload/v1690781269/zw6s0t11bpiqmwxjcdnw.jpg', 'South West Delhi, Delhi, 110075, India', '<p><span style=\"color: rgb(15, 41, 77);\">Check-in</span><strong style=\"color: rgb(15, 41, 77);\">&nbsp;from 15:00 to 00:00 </strong><span style=\"color: rgb(15, 41, 77);\">Check-out</span><strong style=\"color: rgb(15, 41, 77);\">&nbsp;before 12:00</strong></p><p>Children of all ages are welcome at this hotel.</p><p>Children between 0 and 8 years old can stay for free if no extra bed is needed.</p><p><br></p><ul><li>Breakfast</li><li>Extra bed</li><li>Serving Buffet</li></ul>', '2023-07-31 05:29:05.279', 'India', 199, 'Pending', 20, 77, 'Hotel'),
(8, 1, 'Authentic Italian Delights', 'authentic-italian-delights', '<p>Step into our cozy restaurant and experience the rustic charm of Tuscany in every bite. Indulge in our handcrafted dishes inspired by the rich culinary heritage of Italy. From classic pasta favorites like Spaghetti Carbonara and Penne alla Vodka to savory Osso Buco and luscious Tiramisu, our menu is a delightful journey through the flavors of Tuscany. Savor the freshest ingredients, carefully selected by our talented chefs, and enjoy a warm ambiance that will transport you to the heart of Italy. Whether it\'s a romantic dinner for two or a gathering with friends, our restaurant promises an unforgettable dining experience that celebrates the true essence of Italian cuisine. Buon Appetito!</p>', 'https://res.cloudinary.com/dev-empty/image/upload/v1690972416/tkl14bl2ehdd0rl96ekx.jpg', 'Benalmádena, Andalucía, Turkey', '<ul><li>Parking</li><li>Fresh room</li><li>Backyards</li><li>Dining</li><li>Dinner</li><li>Buffet</li></ul>', '2023-08-02 10:35:26.767', 'Turkey', 499, 'Pending', 39, 35, 'Restaurant'),
(9, 1, 'A Gastronomic Journey through Coastal Delights', 'a-gastronomic-journey-through-coastal-delights', '<p>Welcome to \"Mediterranean Breeze,\" where the sun-kissed flavors of the Mediterranean are brought to life with a culinary symphony that will tantalize your taste buds and transport you to the azure coastlines of the region. Our restaurant is a sanctuary of gastronomic delights, combining the vibrant and healthy cuisines of Greece, Italy, Spain, and beyond.</p><p>Begin your culinary adventure with a delightful spread of Mezze, featuring an array of savory dips like creamy Tzatziki, smoky Baba Ganoush, and tangy Hummus served with warm pita bread. Savor the succulent Mediterranean Grilled Octopus, a tender delicacy that captures the essence of the sea with a burst of refreshing lemon and olive oil.</p><p>Continuing the journey, indulge in our Italian-inspired handmade pasta, perfectly al dente and lavished with aromatic tomato-basil sauce or rich truffle cream. The taste of Italy comes alive with our signature Risotto, slow-cooked to perfection and adorned with wild mushrooms and Parmesan cheese.</p><p>Venture further along the coast and feast on a sumptuous Spanish Paella, an explosion of flavors and colors, boasting a captivating blend of saffron-infused rice, succulent shrimp, tender chicken, and spicy chorizo. Pair it with a glass of our finest Spanish Rioja, and the experience becomes truly enchanting.</p><p>For those seeking a taste of the sea, our selection of fresh-caught seafood is simply exquisite. From the Citrus-Glazed Grilled Salmon to the Herb-Crusted Mediterranean Sea Bass, each dish is a masterpiece that celebrates the ocean\'s bounty while preserving its natural essence.</p><p>Vegetarians will delight in the array of plant-based delights that we carefully curate, such as our vibrant Greek Moussaka, a hearty casserole layered with eggplant, zucchini, and a velvety béchamel sauce, or the Sicilian Caponata, a medley of roasted vegetables with sweet and sour flavors.</p><p>The grand finale is an enticing assortment of Mediterranean desserts. Dive into the classic Baklava, layers of crisp phyllo pastry.</p>', 'https://res.cloudinary.com/dev-empty/image/upload/v1690972575/ednlxmnlzysjpmsuuus0.jpg', 'Piazza Trieste e Trento 28,  Pagno', '<ul><li><span style=\"color: rgb(32, 33, 36);\">Study of Restaurant Business</span></li><li><span style=\"color: rgb(32, 33, 36);\">Good Quality Food.&nbsp;</span></li><li><span style=\"color: rgb(32, 33, 36);\">Beverages.</span></li><li><span style=\"color: rgb(32, 33, 36);\">Positive Guest Experience.</span></li><li><span style=\"color: rgb(32, 33, 36);\">Menu Design.</span></li><li><span style=\"color: rgb(32, 33, 36);\">Prioritize Hygiene.</span></li><li>Skilled Management.</li></ul>', '2023-08-02 10:38:24.299', 'Italy', 200, 'Pending', 42.83333333, 12.83333333, 'Restaurant'),
(10, 1, 'A Culinary Oasis in the Heart of the City', 'a-culinary-oasis-in-the-heart-of-the-city', '<p>Welcome to The Enchanting Garden Bistro, a hidden gem nestled in the bustling heart of the city. Step into our oasis of culinary delights, where the ambiance is as captivating as the flavors we serve. As you enter, you\'ll be enveloped by a mesmerizing garden filled with lush greenery, vibrant flowers, and soft fairy lights that create an atmosphere of enchantment and tranquility.  Our menu is a symphony of tastes crafted with passion and creativity. Drawing inspiration from the finest international cuisines, we offer an extensive selection of dishes that cater to all palates and preferences. Whether you\'re a lover of aromatic spices and exotic flavors or a connoisseur of classic comfort foods, our skilled chefs have designed a culinary journey that will leave you craving for more.  Start your culinary adventure with our tantalizing appetizers, such as our signature Truffle Mushroom Crostini or our refreshing Citrus-Kissed Shrimp Ceviche. Then, indulge in the main course selection, featuring succulent cuts of steak cooked to perfection, delicately prepared seafood dishes, and an array of hearty vegetarian options that celebrate the goodness of nature.  Pair your meal with a carefully curated wine selection, showcasing both local and international gems that perfectly complement the flavors on your<p/>', 'https://res.cloudinary.com/dev-empty/image/upload/v1690972997/product20.jpg', '649 Schoen Village, Barcelona', '<ul><li>Study of Restaurant Business</li><li>Good Quality Food.&nbsp;</li><li>Beverages.</li><li>Positive Guest Experience.</li><li>Menu Design.</li><li>Prioritize Hygiene.</li><li>Skilled Management.</li></ul>', '2023-08-02 10:41:29.066', 'Spain', 150, 'Pending', 40, -4, 'Restaurant'),
(11, 1, 'Gastronomic Oasis of Flavors and Elegance', 'gastronomic-oasis-of-flavors-and-elegance', '<p>Welcome to Serenity Bistro, where culinary artistry meets sophisticated ambiance. Nestled in the heart of the city, our restaurant offers a culinary oasis that tantalizes the taste buds and soothes the soul. Step inside and be greeted by a warm, inviting atmosphere, adorned with contemporary décor and soft ambient lighting, creating the perfect backdrop for an unforgettable dining experience.</p><p>At Serenity Bistro, we take pride in crafting a menu that celebrates the finest ingredients sourced from local farmers and trusted suppliers. Our talented team of chefs brings together a symphony of flavors, expertly combining classic culinary techniques with modern creativity. Each dish on our meticulously curated menu is a masterpiece, designed to enchant and inspire.</p><p>Begin your culinary journey with our tantalizing appetizers, from delicate Ahi Tuna Tartare to succulent Grilled Artichoke Hearts, each bite is a harmonious blend of textures and tastes. For the main course, immerse yourself in an array of delectable options that cater to all palates. From sumptuous Prime Rib.</p>', 'https://res.cloudinary.com/dev-empty/image/upload/v1690973111/mex7axffvedwqzwhlhaz.jpg', '734 Spinka Park, Aashington, Missouri', '<ul><li><span style=\"color: rgb(77, 81, 86);\">Keep track of open tabs and tables</span></li><li><span style=\"color: rgb(77, 81, 86);\">Use guest insights to build relationships</span></li><li><span style=\"color: rgb(77, 81, 86);\">Give bartenders</span></li><li><span style=\"color: rgb(77, 81, 86);\">Organise tables and seating areas</span></li><li><span style=\"color: rgb(77, 81, 86);\"><span class=\"ql-cursor\">﻿</span>Automatically track inventory and control</span></li></ul>', '2023-08-02 10:47:51.151', 'United States', 499, 'Pending', 38, -97, 'Bar'),
(12, 1, 'An Enchanting Gastronomic Journey Through Italy', 'an-enchanting-gastronomic-journey-through-italy', '<p>Welcome to \"La Dolce Vita,\" a culinary haven where the enchanting flavors of Italy come alive. Immerse yourself in a delightful gastronomic journey, where every dish is meticulously crafted to capture the essence of Italian traditions. Our restaurant takes pride in curating an extraordinary dining experience, blending the rich heritage of Italy with modern culinary expertise.</p><p>As you enter, be captivated by the warm ambiance that mirrors the charm of a trattoria nestled in the picturesque streets of Rome or Florence. The soft glow of rustic chandeliers and the gentle murmur of laughter from fellow patrons create an inviting atmosphere, perfect for romantic dinners, family gatherings, or cherished moments with friends.</p><p>The heart of our menu lies in our commitment to sourcing the finest and freshest ingredients, embracing the seasonal harvests of local farms and purveyors. Our passionate chefs bring years of experience and an unwavering dedication to crafting each dish with authenticity and love. From the tantalizing aroma of handmade pizzas, straight from our wood-fired oven, to the mouthwatering symphony of flavors found in our antipasti platter, every bite will transport your senses to the sun-kissed landscapes of the Italian countryside.</p><p>Our pasta selection is a tribute to Italy\'s pasta-making heritage, showcasing time-honored classics such as Ravioli di Zucca and Linguine alle Vongole. Each pasta is lovingly rolled and cut by hand, allowing you to savor the unmistakable difference in taste and texture.</p><p>Indulge in the depth of flavors found in our hearty Osso Buco, slow-cooked to tender perfection and accompanied by creamy polenta. Experience the divine sensation of our Sicilian-inspired seafood stew, brimming with an abundance of succulent seafood, bathed in a fragrant saffron-infused broth.</p><p>And for those with a sweet tooth, no visit to \"La Dolce Vita\" is complete without savoring our decadent desserts. Delight in the velvety richness of our house-made Tiramisu, a symphony of espresso-soaked ladyfingers and creamy mascarpone, garnished with a dusting of cocoa. Or let the sweet romance of our Limoncello Panna Cotta serenade your taste buds, leaving you with a lingering sense of bliss.</p><p>As you sip on exquisite Italian wines and toast to life\'s finest moments, allow \"La Dolce Vita\" to be your guide through the culinary wonders of Italy. Our knowledgeable and attentive staff is eager to curate an unforgettable dining experience, ensuring your time with us is one filled with joy, laughter, and the spirit of la dolce vita - the sweet life.</p><p>Join us at \"La Dolce Vita\" and relish in the flavors that have enchanted generations, embracing the Italian way of life, where every meal is a celebration and every bite a testament to the artistry of cuisine. Buon Appetito!</p>', 'https://res.cloudinary.com/dev-empty/image/upload/v1690973397/ghsd95elmu060db0a23r.jpg', '896 Laurel Plains, Rome, Utah', '<ul><li>Study of Restaurant Business</li><li>Good Quality Food.&nbsp;</li><li>Beverages.</li><li>Positive Guest Experience.</li><li>Menu Design.</li><li>Prioritize Hygiene.</li><li>Skilled Management.</li><li><span style=\"color: rgb(77, 81, 86);\">Keep track of open tabs and tables</span></li></ul>', '2023-08-02 10:51:38.552', 'Italy', 399, 'Pending', 42.83333333, 12.83333333, 'Bar'),
(13, 1, 'Luminous Lavender Martini', 'luminous-lavender-martini', '<p>Step into a world of celestial delights with our signature concoction, \"Serenade in the Moonlight,\" a mesmerizing Lavender Martini that will whisk you away on a sensory journey like no other. Immerse yourself in the enchanting embrace of this captivating libation, where the subtle balance of delicate lavender notes and premium spirits harmonize in a symphony of taste and texture.</p><p>As you raise the glass to your lips, the soft fragrance of fresh lavender dances in the air, evoking memories of moonlit gardens and serene nights under a blanket of stars. The first sip is an ethereal experience, a delicate fusion of botanical wonders and the silky smoothness of the finest vodka, leaving a gentle, lingering warmth in its wake.</p><p>Our skilled mixologists handcraft each \"Serenade in the Moonlight\" with precision, infusing the highest quality lavender petals into a velvety lavender syrup. This artisanal elixir imparts a whisper of floral elegance that gracefully dances on your palate, complemented by the subtle herbal undertones that only true lavender enthusiasts can truly appreciate.</p><p>The magic doesn\'t stop there, as a splash of Cointreau brings a zesty citrus twist that harmonizes effortlessly with the lavender\'s mellow charm. A touch of fresh lemon juice adds a burst of brightness, teasing your taste buds and enhancing the drink\'s celestial allure.</p><p>As the liquid moonlight glides over your tongue, the flavors crescendo to a crescendo, revealing the silky smoothness of premium vodka, meticulously selected for its exceptional purity. Each sip is a harmonious medley of flavors, as if nature itself has composed this drink to resonate with your soul.</p><p>To complete this captivating martini, our mixologists garnish it with a delicate lavender sprig, an artistic touch that celebrates the beauty of the natural world. The final presentation is a work of art - a shimmering purple elixir in a chilled martini glass, reminiscent of a starlit night sky.</p>', 'https://res.cloudinary.com/dev-empty/image/upload/v1690973620/pwx62zzaa99zzsztrsvz.jpg', '034 Collins Crossing, Dubai, Oklahoma', '<ul><li>Study of Restaurant Business</li><li>Good Quality Food.&nbsp;</li><li>Beverages.</li><li>Positive Guest Experience.</li><li>Menu Design.</li><li>Prioritize Hygiene.</li><li>Skilled Management.</li></ul>', '2023-08-02 10:56:41.552', 'United Arab Emirates', 100, 'Pending', 24, 54, 'Bar'),
(14, 1, 'Embracing the Grace of Windmills', 'embracing-the-grace-of-windmills', '<p>Step into a world where nature and engineering coalesce in a timeless dance - welcome to \"Whispers of the Wind.\" Embark on a journey through the history and allure of windmills, where the gentle caress of the breeze breathes life into these majestic structures, turning them into a symbol of harmony between man and nature.</p><p>Our exhibit celebrates the fascinating legacy of windmills, showcasing their diverse designs and roles across cultures and centuries. Marvel at the iconic Dutch windmills, proudly standing tall against the horizon, their rotating sails captivating the imagination of generations past and present. Witness the stoic beauty of windmills that once powered mills, grinding grains and pumping water, a testament to mankind\'s ingenuity in harnessing the wind\'s boundless energy.</p><p>Discover the mesmerizing mechanics behind these engineering marvels - the rhythmic dance of cogs and gears that translates the wind\'s force into useful work, bringing life to rural landscapes and propelling societies forward. Our interactive displays and engaging narratives offer a captivating glimpse into the inner workings of windmills, allowing you to connect with the spirit of innovation that defined generations of millers and engineers.</p><p>Beyond their practicality, windmills have inspired artists, poets, and dreamers alike, becoming a symbol of romance and nostalgia. Through stunning visual displays and multimedia presentations, we celebrate windmills\' artistic significance, as captured by famous painters and poets throughout history. Be transported to serene landscapes where windmills stand as sentinels of time, capturing the essence of the changing seasons and the whispering secrets of the wind.</p><p>Join us in this tribute to the timeless allure of windmills, where tradition meets modernity, and the grace of nature meets the ingenuity of humankind. Our exhibition at [Museum or Venue Name] invites you to embrace the wonder of windmills, an enduring testament to humanity\'s harmonious relationship with the elements and a beacon of hope for a sustainable future. Whether you are a history enthusiast, an admirer of engineering feats, or simply seeking a moment of tranquility amidst the bustling world, \"Whispers of the Wind\" promises an enriching and unforgettable experience.</p>', 'https://res.cloudinary.com/dev-empty/image/upload/v1690974058/jrjm38qevz7lqfzpvkpl.jpg', '94076 Hahn Crescent, Mumbai, india', '<ul><li>Pumping water.</li><li>Saw-milling of Timber.</li><li>Milling grains.</li><li>Drainage-pumping.</li><li>Oil extraction from seeds.</li><li>Machining.</li></ul>', '2023-08-02 11:02:42.122', 'India', 1200, 'Pending', 20, 77, 'Windmills'),
(15, 1, 'The Graceful Dance of Windmills', 'the-graceful-dance-of-windmills', '<p>Enter a world of timeless charm and engineering marvels with our showcase of \"Whirling Wonders: The Graceful Dance of Windmills.\" Embark on a journey through history and witness the majesty of these iconic structures that have stood the test of time, harnessing the power of wind to serve humanity for centuries.</p><p>In this captivating exhibit, you\'ll discover the fascinating evolution of windmills, from their humble origins as grain-grinding mills to their modern-day applications in renewable energy generation. Immerse yourself in the stories of windmills\' cultural significance, serving not only as symbols of industry but also as iconic landmarks in landscapes across the globe.</p><p>As you explore the exhibit, you\'ll marvel at the ingenious designs and craftsmanship that enabled windmills to adapt to diverse environments and climates. From the picturesque Dutch windmills dotting the countryside, elegantly turning in harmony with the breeze, to the towering wind farms on the horizon, a testament to our commitment to sustainable energy, you\'ll witness the immense impact windmills have on our past, present, and future.</p><p>Learn about the artistry and mechanics behind these graceful giants, the intricate gears that transfer wind\'s force into productive energy, and the dedication of millers who have upheld these traditions through generations. Engaging displays and interactive models will bring the magic of windmill operation to life, allowing you to experience the awe-inspiring forces of nature captured within their majestic sails.</p><p>From historical photographs and vintage mill artifacts to cutting-edge innovations in renewable energy, \"Whirling Wonders: The Graceful Dance of Windmills\" is an educational and awe-inspiring exhibit that celebrates the synergy between humanity and nature. Witness the mesmerizing sight of windmills turning with rhythmic precision, reminding.</p>', 'https://res.cloudinary.com/dev-empty/image/upload/v1690974206/nvgmqfcmhdyddngzd0ig.jpg', '5711 Stamm Light, Africa, Alabama', '<ul><li>Generating electricity.</li><li>Milling grain.</li><li>Pumping water.</li><li>Powering cargo ships (via kites)</li><li>Reducing carbon footprint.</li><li>Sailing.</li><li>Windsurfing.</li><li>Land surfing.</li></ul>', '2023-08-02 11:06:13.390', 'Angola', 1500, 'Pending', -12.5, 18.5, 'Windmills'),
(16, 1, 'Elegance Of Fashion Odyssey', 'elegance-of-fashion-odyssey', '<p>Step into the world of \"Elegance Redefined: A Fashion Odyssey,\" where the boundaries of style and creativity are constantly challenged, and the art of dressing becomes an ever-evolving tapestry of self-expression. This captivating fashion journey is a celebration of diversity, innovation, and the timeless allure of personal flair.</p><p>From the opulent runways of Paris to the vibrant streets of Tokyo, our exhibit showcases the epitome of haute couture and street fashion alike. Immerse yourself in the works of visionary designers, whose craftsmanship has transformed garments into wearable masterpieces that transcend seasons and trends.</p><p>Marvel at the grace of fluid fabrics cascading into exquisite gowns that seem to float on air, a testament to the artistry of couture. Witness the fusion of cutting-edge technology and fashion, where garments come alive with embedded LEDs and interactive textiles, unveiling a futuristic canvas that melds form and function.</p><p>Explore the intersections of cultures and traditions, where Eastern and Western influences converge to birth a new realm of fashion. From the intricate hand-embroidered patterns of South Asia to the sleek minimalism of Scandinavian design, our exhibit celebrates the global mosaic of styles that enrich the world of fashion.</p><p>Discover the sustainable fashion movement, as designers push the boundaries of eco-friendly materials and ethical production, proving that fashion can be both chic and compassionate. Witness the innovative use of recycled materials, upcycled fabrics, and regenerative techniques that give new life to the concept of \"fashion with a conscience.\"</p><p>In our interactive zones, you\'ll have the opportunity to experiment with your own style, exploring the joy of accessorizing and mixing and matching fabrics and colors. Learn about fashion\'s transformative power, empowering individuals to express their identity, beliefs, and aspirations through the clothes they wear.</p><p>\"Elegance Redefined: A Fashion Odyssey\" is more than just an exhibit; it\'s an invitation to embrace the boundless realm of self-expression and creativity. Whether you\'re a fashion enthusiast, a budding designer, or simply captivated by the ever-changing currents of style, our immersive display promises to ignite your imagination and leave you with a newfound appreciation for the artistry of fashion.</p><p>Join us on this exhilarating journey through the world of fashion, where innovation meets tradition, and elegance is redefined with every stitch. Prepare to be inspired, captivated, and enchanted by the transformative magic that is fashion. Experience the power of clothing to elevate the spirit and illuminate the soul in \"Elegance Redefined: A Fashion Odyssey.\"</p>', 'https://res.cloudinary.com/dev-empty/image/upload/v1690974566/kx0uiwoeptdl7wgjdryx.jpg', '032 Kulas Brook, London, England', '<ul><li>Fashion is a kind of clothing, wearing, accessories and hairstyle etc.</li><li>Fashion is a way by which a person looks attractive and better.</li><li>Fashion also reflects in the way of talking, behaviour, living as per trends etc.</li><li>Fashion is also related to the culture and weather at any place.</li></ul>', '2023-08-02 11:11:10.175', 'United Kingdom', 80, 'Pending', 54, -2, 'Modern'),
(17, 1, 'Embrace Nature\'s Embrace in Camping Paradise', 'embrace-natures-embrace-in-camping-paradise', '<p>Embark on an unforgettable adventure amidst the wilderness in \"Wanderlust Woods: Embrace Nature\'s Embrace in Camping Paradise.\" Nestled in the heart of untouched landscapes and under a canopy of stars, our camping experience invites you to disconnect from the modern world and reconnect with the serenity and wonder of nature.</p><p>Escape the hustle and bustle of city life and immerse yourself in the soothing embrace of Mother Nature. From the moment you arrive at our campsite, you\'ll be greeted by the symphony of chirping birds and the whisper of leaves swaying in the breeze. As you settle into your cozy tent, feel the earth beneath you and embrace the tranquility that can only be found in the great outdoors.</p><p>The beauty of camping lies in the simplicity of life. Wake up with the first rays of the sun and indulge in a hearty campfire breakfast, the crackling flames adding warmth to the crisp morning air. Our experienced guides will lead you on captivating hikes, unveiling hidden trails, and revealing the secrets of the flora and fauna that thrive in these sacred woods.</p><p>As the day unfolds, immerse yourself in a myriad of activities that celebrate the spirit of adventure. Test your fishing skills at the serene lake or paddle along the gentle currents of the river. Explore the charm of nature photography, capturing the beauty of wildflowers, towering trees, and breathtaking vistas that surround you.</p><p>As night falls, gather around the campfire, a magical centerpiece where laughter and stories are shared under a starlit sky. Roast marshmallows and savor the sweet taste of toasted perfection, relishing the simple joys that camping brings.</p><p>For those seeking a more immersive experience, our guided stargazing sessions offer an extraordinary opportunity to witness constellations unfurl across the heavens, painting a canvas of celestial wonders above.</p><p>In \"Wanderlust Woods,\" we prioritize sustainability and environmental stewardship. Our campsite follows Leave No Trace principles, ensuring that we leave the wilderness as pristine as we found it, preserving its beauty for future generations to cherish.</p><p>Whether you\'re an experienced camper or a first-time adventurer, \"Wanderlust Woods: Embrace Nature\'s Embrace in Camping Paradise\" promises a rejuvenating escape that celebrates the splendor of nature and fosters a deep connection with the natural world. So, leave your worries behind, embrace the call of the wild, and let your spirit roam free as you find solace and inspiration in the heart of nature\'s embrace.</p>', 'https://res.cloudinary.com/dev-empty/image/upload/v1690974761/i8xz67je9hjhtzbikir0.jpg', '4042 Shyann Light, Kharkiv, Ukrain', '<ul><li><span style=\"color: rgb(32, 33, 36);\">Camping Helps with Stress Reduction.&nbsp;</span></li><li><span style=\"color: rgb(32, 33, 36);\">Fresh Air Has Numerous Benefits.</span></li><li><span style=\"color: rgb(32, 33, 36);\">Camping Improves Relationships.</span></li><li><span style=\"color: rgb(32, 33, 36);\">Camping Promotes Physical Fitness.</span></li><li><span style=\"color: rgb(32, 33, 36);\">Get Better Sleep Quality When Camping.</span></li><li><span style=\"color: rgb(32, 33, 36);\">Camping Allows You to Unplug.</span></li><li><span style=\"color: rgb(32, 33, 36);\">Camping Gives You the Opportunity to Enjoy Great Food.</span></li><li>Have the Chance to Connect with Nature.</li></ul>', '2023-08-02 11:15:07.091', 'Ukraine', 35, 'Pending', 49, 32, 'Camping'),
(18, 1, 'Unveiling the Secrets of the Enchanted Cave', 'unveiling-the-secrets-of-the-enchanted-cave', '<p>Embark on an extraordinary journey into the heart of the earth as we unveil the wonders of the \"Mystic Depths: Unveiling the Secrets of the Enchanted Cave.\" Step into a realm shrouded in mystery and intrigue, where time seems to stand still, and the echoes of ancient tales resonate through every stalactite and stalagmite.</p><p>Venturing into the cave, you\'ll be immediately captivated by the otherworldly beauty of the rock formations, shaped over thousands of years by the patient dance of water and minerals. Sparkling crystals glisten in the soft glow of carefully placed lighting, illuminating the cave\'s hidden treasures like jewels in the dark.</p><p>As you delve deeper into the enchanting maze, our expert guides will unravel the geological history of the cave, revealing the mesmerizing process that carved its stunning architecture. Learn about the delicate ecosystem that thrives in this subterranean wonder, where curious creatures and rare plant life adapt to the unique conditions of their underground sanctuary.</p><p>In the \"Mystic Depths,\" each step reveals a new revelation, from the echoes of your footsteps that seem to reverberate with the voices of the past to the hallowed chambers that once served as sanctuaries to ancient civilizations.</p><p>Marvel at the imposing grandeur of the cathedral-like caverns, where natural acoustics invite you to contemplate in meditative silence. Experience the thrill of discovering hidden passageways and secret chambers, each one telling a story that stretches back through the annals of time.</p><p>The \"Mystic Depths\" hold an air of magic and mystique, and for those who dare to explore, there\'s an undeniable sense of wonder and awe that accompanies every step further into the heart of the cave.</p><p>With utmost respect for preservation and conservation, \"Mystic Depths: Unveiling the Secrets of the Enchanted Cave\" offers a responsible and sustainable tour, ensuring that the fragile beauty and delicate ecosystem of the cave remain untouched for generations to come.</p><p>Whether you\'re a seasoned adventurer, an avid geology enthusiast, or simply captivated by the allure of the unknown, our cave tour promises an immersive and unforgettable experience. So, be prepared to lose yourself in the \"Mystic Depths\" and discover the timeless secrets that lie beneath the surface - a journey that will leave you with a profound appreciation for the wonders that the natural world holds.</p>', 'https://res.cloudinary.com/dev-empty/image/upload/v1690975055/ynpxx3wmtzq5lscavmte.jpg', '28630 Corkery Loaf, Ireland, Maine', '<p><span style=\"color: rgb(77, 81, 86);\">Cave, also called cavern,&nbsp;</span><span style=\"color: rgb(4, 12, 40); background-color: rgba(80, 151, 255, 0.18);\">natural opening in the earth large enough for human exploration</span><span style=\"color: rgb(77, 81, 86);\">. Such a cavity is formed in many types of rock and by many processes. The largest and most common caves are those formed by chemical reaction between circulating groundwater and bedrock composed of limestone or dolomite.</span></p>', '2023-08-02 11:19:30.534', 'Ireland', 120, 'Pending', 53, -8, 'Caves'),
(19, 1, 'A Tale of Majesty and History', 'a-tale-of-majesty-and-history', '<p>Welcome to \"Enchanted Fortresses: A Tale of Majesty and History,\" where the echoes of centuries past come to life within the majestic walls of ancient castles. Step back in time and immerse yourself in the grandeur of these architectural marvels, each one a testament to the power, artistry, and rich cultural heritage of its era.</p><p>As you approach these formidable structures, you\'ll be awestruck by the imposing towers and soaring battlements that stand as guardians of history. The age-old stones seem to hold secrets within, inviting you to embark on a journey of discovery through the annals of time.</p><p>Enter the regal gates, and be transported to an era of knights and nobles, where chivalry and courtly romance flourished. Our guided tours will lead you through lavishly adorned chambers, each resplendent with opulent tapestries, intricate carvings, and exquisite frescoes that reveal the artistic prowess of the craftsmen of yesteryears.</p><p>Stroll through lush gardens and courtyards, once the setting of elaborate feasts and lavish celebrations, and imagine the lively dances and resounding music that once filled the air. As you explore, our knowledgeable guides will share captivating stories of the castle\'s storied past, recounting tales of royal intrigue, epic battles, and legendary love affairs that have shaped the course of history.</p><p>Climb up to the tower\'s heights, where panoramic views stretch over the picturesque countryside, offering a vantage point that once served as a strategic lookout for the castle\'s inhabitants. Feel the weight of history envelop you as you gaze upon the same vistas that monarchs and rulers once beheld.</p><p>At \"Enchanted Fortresses,\" we believe in preserving the heritage of these magnificent castles while ensuring an immersive and enjoyable experience for all visitors. Through careful restoration and responsible tourism, we strive to maintain the integrity of these cultural gems, inviting future generations to be captivated by their splendor.</p><p>Whether you\'re an avid history buff, a lover of architecture, or simply seeking to immerse yourself in the romance of the past, \"Enchanted Fortresses: A Tale of Majesty and History\" guarantees an unforgettable journey through time. So, join us on this enchanting expedition, and let the stories of these ancient castles weave a spell of wonder and fascination as you behold the majesty and history that lie within their hallowed walls.</p>', 'https://res.cloudinary.com/dev-empty/image/upload/v1690975262/afh868kr0vpxqfu7si6n.jpg', '60965 Shirley Stravenue, Greece', '<ul><li><span style=\"color: rgb(32, 33, 36);\">Castles were built to defend!</span></li><li><span style=\"color: rgb(32, 33, 36);\">Castles were often surrounded by moats with a drawbridge.</span></li><li><span style=\"color: rgb(32, 33, 36);\">Towers and turrets were perfect for guards to keep watch.</span></li><li><span style=\"color: rgb(32, 33, 36);\">The keep was the safest place to be.</span></li><li><span style=\"color: rgb(32, 33, 36);\">Castles were bustling and full of people!</span></li><li><span style=\"color: rgb(32, 33, 36);\">Knights would defend the castle.</span></li><li>Castles had beautiful gardens.</li></ul>', '2023-08-02 11:23:33.066', 'Greece', 200, 'Pending', 39, 22, 'Castles'),
(20, 1, 'The Allure of the Countryside', 'the-allure-of-the-countryside', '<p>The countryside, with its picturesque landscapes, tranquil settings, and close connection to nature, holds a special place in the hearts of many. Away from the bustling cities, the countryside offers a retreat into a world of simplicity and serenity. In this article, we explore the unique charm and appeal of the countryside, its rejuvenating effects on the mind and body, and the essence of the rural lifestyle that continues to captivate people across the globe.</p><p>1. Idyllic Landscapes and Natural Beauty:</p><p>One of the primary attractions of the countryside is its breathtaking landscapes. Rolling hills, meandering rivers, lush green fields, and dense forests create an enchanting tableau of nature\'s beauty. The simplicity and timelessness of rural scenery provide an escape from the chaos of urban life, offering a chance to reconnect with the natural world.</p><p>2. Peace and Tranquility:</p><p>Unlike the constant buzz of city life, the countryside exudes a sense of calm and tranquility. The absence of traffic noise, honking horns, and skyscrapers allows visitors to embrace the sounds of birds chirping, the rustling of leaves, and the gentle whispers.</p>', 'https://res.cloudinary.com/dev-empty/image/upload/v1691061339/cuzjopd8rajomfqyzq2z.jpg', 'Abudabi, Dubai', '<ul><li>All-time safety management</li><li>Restricted access</li><li>Emergency doctors</li><li>Emergency food</li><li>Enough water</li><li>Ambulance for emergency exit</li></ul>', '2023-08-03 11:19:38.761', 'United Arab Emirates', 150, 'Pending', 24, 54, 'Countryside'),
(21, 1, 'A Frozen Frontier of Beauty and Challenges', 'a-frozen-frontier-of-beauty-and-challenges', '<p>The Arctic, a vast and remote region encircling the North Pole, remains one of the most awe-inspiring and least explored areas on our planet. Beyond its ice-covered landscapes, the Arctic is a realm of unparalleled beauty, teeming with unique wildlife and cultural richness.</p><p>The Arctic, a vast and remote region encircling the North Pole, remains one of the most awe-inspiring and least explored areas on our planet. Beyond its ice-covered landscapes, the Arctic is a realm of unparalleled beauty, teeming with unique wildlife and cultural richness.</p><p>The Arctic, a vast and remote region encircling the North Pole, remains one of the most awe-inspiring and least explored areas on our planet. Beyond its ice-covered landscapes, the Arctic is a realm of unparalleled beauty, teeming with unique wildlife and cultural richness.</p><p>The Arctic, a vast and remote region encircling the North Pole, remains one of the most awe-inspiring and least explored areas on our planet. Beyond its ice-covered landscapes, the Arctic is a realm of unparalleled beauty, teeming with unique wildlife and cultural richness.</p><p>The Arctic, a vast and remote region encircling the North Pole, remains one of the most awe-inspiring and least explored areas on our planet. Beyond its ice-covered landscapes, the Arctic is a realm of unparalleled beauty, teeming with unique wildlife and cultural richness.</p>', 'https://res.cloudinary.com/dev-empty/image/upload/v1691061631/uwgi9qou1bx9ow4tlvrw.jpg', '754 Leonarde State, Ru.', '<ul><li>Managed warm places</li><li>Beautiful arctic view</li><li>Swim over the frozen lake</li></ul>', '2023-08-03 11:26:35.282', 'Russia', 599, 'Pending', 60, 100, 'Arctic'),
(22, 1, 'A Journey through Switzerland\'s Aquatic Gems', 'a-journey-through-switzerlands-aquatic-gems', '<p>Switzerland, often dubbed the \"Land of Lakes,\" boasts a plethora of breathtaking water bodies, each more captivating than the last. Nestled amidst the majestic Swiss Alps, these serene lakes have enchanted visitors and locals alike for centuries. From their crystal-clear waters reflecting the surrounding snow-capped peaks to the picturesque lakeside villages, the allure of Switzerland\'s lakes is irresistible. In this article, we embark on a journey to explore the wonders of one of Switzerland\'s most enchanting lakes: Lake Lucerne.</p><p>Lake Lucerne: A Jewel in the Heart of Switzerland</p><p>Lake Lucerne, known locally as Vierwaldstättersee, meaning \"Lake of the Four Forested Cantons,\" is situated in central Switzerland. Spanning an area of approximately 114 square kilometers (44 square miles), this remarkable lake is surrounded by the cantons of Lucerne, Uri, Schwyz, and Nidwalden. Its irregular shape and intricate network of fjord-like arms give it a distinctive charm that makes it a true gem among Swiss lakes.</p><p>Scenic Landscapes and Alpine Beauty</p><p>The setting of Lake Lucerne is nothing short of extraordinary. Towering peaks, such as Mount Pilatus and Mount Rigi, provide a dramatic backdrop that adds to the breathtaking panorama. The alpine beauty of the region attracts nature enthusiasts and hikers, who explore the numerous trails offering stunning viewpoints of the lake from different perspectives.</p><p>Historical Significance and Cultural Heritage</p><p>Lake Lucerne is steeped in history and holds significant importance in Switzerland\'s cultural heritage. The historic Swiss Confederation, a pivotal moment in the nation\'s formation, took place nearby, adding to the lake\'s allure. On the shores of Lake Lucerne stands the iconic Chapel Bridge, a covered wooden bridge with a tower, dating back to the 14th century. It is one of Switzerland\'s most photographed landmarks and serves as a reminder of the nation\'s past.</p><p>Leisure Activities on the Water</p><p>As the Swiss are renowned for their appreciation of nature, Lake Lucerne offers various water-based activities. Sailing, yachting, and paddleboarding are popular choices for those seeking tranquility on the water. For a more adventurous experience, visitors can take a cruise on one of the vintage paddle steamers that navigate the lake, offering unparalleled views of the surrounding landscapes.</p><p>Lakeside Villages and Charming Towns</p><p>Surrounding Lake Lucerne are a myriad of picturesque villages and towns, each exuding its own unique charm. Lucerne, the namesake of the lake, is a vibrant city that effortlessly combines modernity with history. Its well-preserved medieval architecture, including the aforementioned Chapel Bridge and the Museggmauer city walls, makes it a delightful destination for history buffs.</p><p>Another highlight is Weggis, a quaint lakeside village known for its mild climate and therapeutic springs. Here, travelers can relax in luxurious spa resorts and savor delectable Swiss cuisine in charming lakeside restaurants.</p><p>Conclusion</p><p>Switzerland\'s Lake Lucerne is more than just a body of water; it is an enchanting experience that captivates all who set eyes upon it. From its awe-inspiring landscapes to its historical significance and cultural heritage, this jewel of the Swiss lakes offers an unforgettable journey for every traveler. Whether one seeks tranquility, adventure, or a glimpse into Switzerland\'s rich past, Lake Lucerne is the perfect destination to immerse oneself in the beauty and magic of Switzerland\'s aquatic gems.</p>', 'https://res.cloudinary.com/dev-empty/image/upload/v1691062087/l2bbdhwgxdt0jznuvc0g.jpg', 'Colombo Street, New Ebidona, SW', '', '2023-08-03 11:29:54.991', 'Switzerland', 209, 'Pending', 47, 8, 'Lake'),
(23, 1, 'From Horse Carriages to Electric Mobility', 'from-horse-carriages-to-electric-mobility', '<p>Vehicles have revolutionized the way we travel and interact with the world around us. From humble beginnings as horse-drawn carriages to the cutting-edge electric vehicles of today, the history of transportation is a testament to human ingenuity and technological advancement. In this article, we take a journey through time to explore the fascinating evolution of vehicles and the significant impact they have had on society.</p><p>Early Transportation: From Horsepower to Horse Carriages</p><p>Before the advent of mechanized transportation, humans relied on animals like horses for travel. Horse-drawn carriages were the first form of wheeled transport, dating back to ancient civilizations. From the chariots of the Egyptians to the covered wagons of pioneers, these carriages were vital for both transportation and commerce. However, they were limited by the speed and stamina of the animals, prompting the need for a more efficient and powerful mode of transport.</p><p>The Rise of Automobiles: The Birth of a Revolution</p><p>The late 19th and early 20th centuries saw the dawn of a new era with the invention of the automobile. Karl Benz is credited with building the first gasoline-powered automobile in 1885, and his invention set off a chain reaction of developments that transformed the world. Automobiles not only revolutionized personal travel but also facilitated the growth of industries and the concept of commuting to work.</p><p>Mass Production and Accessibility</p><p>The early 20th century witnessed the rise of mass production techniques pioneered by Henry Ford. The introduction of assembly lines significantly reduced the cost of manufacturing, making cars more affordable to the general public. The Ford Model T, introduced in 1908, became a symbol of accessible personal transportation, and its popularity transformed the automotive landscape.</p><p>Advancements in Technology: From Internal Combustion Engines to Electric Power</p><p>Throughout the 20th century, vehicles underwent significant technological advancements. The internal combustion engine, which powered most vehicles, continued to evolve, becoming more efficient and powerful. However, concerns over environmental impact and dependence on fossil fuels prompted the search for alternative energy sources.</p><p>In recent decades, electric vehicles (EVs) have emerged as a promising solution to reduce greenhouse gas emissions and combat climate change. EVs are powered by electricity stored in batteries, eliminating the need for gasoline or diesel. Major automobile manufacturers and startups have invested heavily in EV technology, leading to improved battery life, charging infrastructure, and affordability.</p><p>Smart and Autonomous Vehicles: The Future of Mobility</p><p>As we step into the 21st century, vehicles are becoming smarter and more autonomous. Advanced driver-assistance systems (ADAS) are already integrated into many modern cars, providing features like lane-keeping assistance, adaptive cruise control, and automatic emergency braking.</p><p>The development of autonomous vehicles represents the pinnacle of vehicle technology. These self-driving cars have the potential to revolutionize transportation, making it safer, more efficient, and accessible to all. However, the implementation of autonomous vehicles also raises ethical, regulatory, and societal challenges that require careful consideration.</p><p>Conclusion</p><p>Vehicles have come a long way since the days of horse carriages, transforming the way we move, work, and live. From the rise of automobiles to the ongoing shift towards electric and autonomous mobility, the evolution of vehicles reflects our constant quest for progress and innovation. As we continue to explore new frontiers in transportation technology, we must strike a balance between advancement and sustainability to shape a future of mobility that benefits society and the planet.</p>', 'https://res.cloudinary.com/dev-empty/image/upload/v1691062224/xdnc0km7bog8qs5or98w.jpg', 'Lactos Anbraka, Luis Street, Germany', '<ul><li>Parking</li><li>Food</li><li>Lake</li><li>View</li><li>Lab</li></ul>', '2023-08-03 11:32:29.435', 'Germany', 8000, 'Pending', 51, 9, 'Vehicle');
INSERT INTO `Listing` (`id`, `userId`, `title`, `slug`, `description`, `imageSrc`, `address`, `features`, `created_at`, `location_value`, `price`, `status`, `latitude`, `longitude`, `category`) VALUES
(24, 1, 'A Thriving Haven for Homebuyers and Investors', 'a-thriving-haven-for-homebuyers-and-investors', '<p>Florida, the \"Sunshine State\" of the United States, has long been a magnet for real estate investors and homebuyers seeking warm weather, beautiful beaches, and a vibrant lifestyle. From the bustling cityscapes of Miami to the tranquil coastal towns and scenic landscapes, Florida offers a diverse range of properties to suit every taste and budget. In this article, we delve into the dynamics of the Florida real estate market, exploring the factors driving its growth and the opportunities it presents for both residents and investors.</p><p>Booming Population and Economic Growth</p><p>Florida\'s population has been steadily increasing over the years, driven by a combination of factors, including retirees seeking a sunny climate, young professionals pursuing job opportunities, and families drawn to the state\'s excellent schools and quality of life. The state\'s strong economic growth, fueled by industries like tourism, technology, and healthcare, has created a robust demand for housing and commercial properties.</p><p>Prime Destinations: Miami, Orlando, and Beyond</p><p>Miami, Florida\'s cultural and financial hub, is renowned for its glamorous lifestyle, international appeal, and luxury real estate. The city\'s iconic skyline is adorned with stunning condominiums and high-end developments, attracting high-net-worth individuals from around the globe. Miami\'s cultural diversity, world-class dining, and vibrant nightlife further enhance its allure as a top real estate investment destination.</p><p>Orlando, known as the \"Theme Park Capital of the World,\" has also emerged as a hot spot for real estate activity. With an influx of tourists and job opportunities from the booming entertainment and hospitality industries, Orlando offers a range of property options, from vacation homes near Disney World to family-friendly neighborhoods.</p><p>Beyond these major cities, Florida boasts numerous attractive communities along its coastline and inland regions. Places like Naples, Tampa, and Sarasota are popular for their pristine beaches, outdoor recreational opportunities, and a mix of luxury and affordable properties.</p>', 'https://res.cloudinary.com/dev-empty/image/upload/v1691062455/s7wnwqi25lmrl04lp3ri.jpg', 'St. Jhonson Street, Florida, USA', '<ul><li>Kitchen</li><li>Bathrooms: 3</li><li>Bedrooms: 5</li><li>Basement</li><li>Fireplace: 4</li><li>Dining room</li><li>Living room</li><li>Laundry room</li><li>Pantry</li></ul>', '2023-08-03 11:38:47.914', 'United States', 16000, 'Pending', 38, -97, 'Real Estate'),
(25, 1, 'Exploring the Enchanting Wonders of Iceland', 'exploring-the-enchanting-wonders-of-iceland', '<p>Iceland, the land of fire and ice, is a captivating Nordic island nation situated in the North Atlantic Ocean. Known for its dramatic landscapes, volcanoes, geysers, and glaciers, Iceland has become a mecca for adventure seekers, nature enthusiasts, and curious travelers alike. In this article, we will delve into the unique features and attractions that make Iceland a must-visit destination for anyone seeking to experience nature\'s awe-inspiring beauty.</p><p>1. Geothermal Marvels</p><p>One of Iceland\'s most remarkable features is its abundance of geothermal wonders. The island sits atop the Mid-Atlantic Ridge, where the Eurasian and North American tectonic plates meet, resulting in a geological marvel with active volcanoes and geysers. The world-renowned Blue Lagoon, a geothermal spa surrounded by lava fields, is a bucket-list experience that offers a soothing and rejuvenating bath in its mineral-rich, milky-blue waters.</p><p>2. Majestic Waterfalls</p><p>Iceland boasts an impressive number of cascading waterfalls, each with its distinct charm. Gullfoss, or the \"Golden Falls,\" is among the most famous, and it plummets into a breathtaking gorge, creating a picturesque spectacle. Another popular waterfall is Seljalandsfoss, where visitors can walk behind the cascading curtain of water for a unique viewpoint.</p><p>3. Glaciers and Glacier Lagoons</p><p>With glaciers covering approximately 10% of the island, Iceland offers a captivating experience of the frozen world. Vatnajökull, Europe\'s largest glacier, is a massive ice cap that encompasses diverse landscapes, including ice caves, icebergs, and glacial lagoons. Jökulsárlón, a stunning glacial lagoon, showcases giant floating icebergs, creating an ethereal and otherworldly atmosphere.</p><p>4. Midnight Sun and Northern Lights</p><p>Iceland\'s unique location near the Arctic Circle offers two extraordinary natural phenomena. During the summer months, visitors can witness the midnight sun, a magical period when the sun never fully sets, allowing for extended daylight hours and an enchanting golden glow over the landscape. On the other hand, winter welcomes the dance of the Northern Lights, also known as the Aurora Borealis, painting the night sky with vibrant colors and captivating travelers in awe.</p><p>5. Rich Cultural Heritage</p><p>Beyond its natural wonders, Iceland boasts a rich cultural heritage deeply rooted in Norse mythology and Viking history. The country takes pride in its literature, with the medieval Icelandic sagas being some of the most significant literary works in the world. Reykjavik, the capital city, offers a vibrant arts scene, excellent museums, and a friendly atmosphere, making it an excellent starting point for exploring the country\'s history and culture.</p><p>6. Adventure Activities</p><p>For adventure seekers, Iceland offers a wide range of exhilarating activities. From glacier hiking and ice climbing to snorkeling between tectonic plates in the Silfra Fissure, there\'s no shortage of adrenaline-pumping experiences. During the winter months, visitors can partake in snowmobiling, dog sledding, or even venture inside ice caves for an unforgettable adventure.</p><p>Conclusion</p><p>Iceland, with its otherworldly landscapes and a harmonious blend of natural wonders and rich culture, remains a destination like no other. Whether you\'re drawn to the mystical allure of the Northern Lights, the captivating glaciers and geysers, or the warm hospitality of the Icelandic people, a journey to this Nordic paradise promises an experience that will leave you with cherished memories for a lifetime. So, pack your bags and prepare to be enchanted by the magical world of Iceland!</p>', 'https://res.cloudinary.com/dev-empty/image/upload/v1691062800/nzi8wwdisyo3in0e3txb.jpg', 'Colombo Street, New Ebidona, SW', '<ul><li>Adventure Activities</li></ul>', '2023-08-03 11:42:08.173', 'Iceland', 2000, 'Pending', 65, -18, 'Islands');

-- --------------------------------------------------------

--
-- Table structure for table `Profile`
--

CREATE TABLE `Profile` (
  `id` int(11) NOT NULL,
  `userId` int(11) NOT NULL,
  `bio` varchar(191) COLLATE utf8mb4_unicode_ci DEFAULT NULL,
  `gender` varchar(191) COLLATE utf8mb4_unicode_ci DEFAULT NULL,
  `address` varchar(191) COLLATE utf8mb4_unicode_ci DEFAULT NULL,
  `phone` varchar(191) COLLATE utf8mb4_unicode_ci DEFAULT NULL,
  `website` varchar(191) COLLATE utf8mb4_unicode_ci DEFAULT NULL,
  `twitter` varchar(191) COLLATE utf8mb4_unicode_ci DEFAULT NULL,
  `facebook` varchar(191) COLLATE utf8mb4_unicode_ci DEFAULT NULL,
  `linkedin` varchar(191) COLLATE utf8mb4_unicode_ci DEFAULT NULL,
  `youtube` varchar(191) COLLATE utf8mb4_unicode_ci DEFAULT NULL
) ENGINE=InnoDB DEFAULT CHARSET=utf8mb4 COLLATE=utf8mb4_unicode_ci;

--
-- Dumping data for table `Profile`
--

INSERT INTO `Profile` (`id`, `userId`, `bio`, `gender`, `address`, `phone`, `website`, `twitter`, `facebook`, `linkedin`, `youtube`) VALUES
(1, 1, 'Lorem Ipsum is simple of the printing and typesetting industry. Lorem Ipsum has been the industry\'s standard dummy text ever since the 1500s, when an unknown printer took a galley.', 'Male', 'Surry Hills, New South Wales, Australia', '+9477536362', 'https://re-staging.herokuapp.com', 'https://twitter.com', 'https://facebook.com/username', 'https://linkedin.com/company', 'https://youtube.com');

-- --------------------------------------------------------

--
-- Table structure for table `Review`
--

CREATE TABLE `Review` (
  `id` int(11) NOT NULL,
  `rating` int(11) NOT NULL,
  `comment` text COLLATE utf8mb4_unicode_ci,
  `userId` int(11) NOT NULL,
  `listingId` int(11) NOT NULL,
  `created_at` datetime(3) NOT NULL DEFAULT CURRENT_TIMESTAMP(3)
) ENGINE=InnoDB DEFAULT CHARSET=utf8mb4 COLLATE=utf8mb4_unicode_ci;

--
-- Dumping data for table `Review`
--

INSERT INTO `Review` (`id`, `rating`, `comment`, `userId`, `listingId`, `created_at`) VALUES
(1, 2, 'poor', 1, 18, '2023-08-03 04:46:49.850'),
(2, 4, 'This is a superb car :)', 1, 23, '2023-08-03 16:14:57.431'),
(3, 5, 'I recently had the pleasure of spending a weekend at Camping Paradise Retreat, and I must say, it was an unforgettable experience. Nestled amidst the picturesque wilderness, this campsite offers a true escape from the hustle and bustle of city life.', 11, 17, '2023-08-06 05:56:48.285'),
(4, 4, 'The location is nothing short of breathtaking. Surrounded by towering trees, a serene river, and majestic mountains, Camping Paradise Retreat truly lives up to its name. The campsite provides ample privacy, with well-spaced camping spots that allow you to immerse yourself in nature without feeling crowded.', 11, 17, '2023-08-06 05:57:21.702'),
(5, 3, 'I was pleasantly surprised by the excellent facilities provided at this campsite. The restroom and shower facilities were clean and well-maintained, which is always a big plus when camping. Additionally, the communal cooking area was equipped with all the necessary utensils and appliances, making meal preparation a breeze.', 11, 17, '2023-08-06 05:57:40.872'),
(6, 2, 'Whether you\'re an adventure enthusiast or just seeking relaxation, Camping Paradise Retreat has something for everyone. Hiking trails of varying difficulty levels cater to different fitness levels, and the guided nature walks are educational and informative. The highlight, however, was the campfire storytelling session under the starlit sky – a truly magical experience.', 11, 17, '2023-08-06 05:57:58.981'),
(7, 5, 'Nice place indeed!', 1, 25, '2023-08-06 09:24:49.735');

-- --------------------------------------------------------

--
-- Table structure for table `Subscription`
--

CREATE TABLE `Subscription` (
  `id` int(11) NOT NULL,
  `email` varchar(191) COLLATE utf8mb4_unicode_ci NOT NULL,
  `is_subscribe` enum('Enable','Disabled') COLLATE utf8mb4_unicode_ci NOT NULL DEFAULT 'Enable',
  `created_at` datetime(3) NOT NULL DEFAULT CURRENT_TIMESTAMP(3)
) ENGINE=InnoDB DEFAULT CHARSET=utf8mb4 COLLATE=utf8mb4_unicode_ci;

--
-- Dumping data for table `Subscription`
--

INSERT INTO `Subscription` (`id`, `email`, `is_subscribe`, `created_at`) VALUES
(1, 'shabbirahmed149@gmail.com', 'Enable', '2023-08-03 06:58:35.501');

-- --------------------------------------------------------

--
-- Table structure for table `User`
--

CREATE TABLE `User` (
  `id` int(11) NOT NULL,
  `name` varchar(191) COLLATE utf8mb4_unicode_ci DEFAULT NULL,
  `email` varchar(191) COLLATE utf8mb4_unicode_ci DEFAULT NULL,
  `emailVerified` datetime(3) DEFAULT NULL,
  `image` varchar(191) COLLATE utf8mb4_unicode_ci DEFAULT NULL,
  `hashedPassword` varchar(191) COLLATE utf8mb4_unicode_ci DEFAULT NULL,
  `role` enum('USER','ADMIN') COLLATE utf8mb4_unicode_ci NOT NULL DEFAULT 'USER',
  `created_at` datetime(3) NOT NULL DEFAULT CURRENT_TIMESTAMP(3),
  `updated_at` datetime(3) NOT NULL
) ENGINE=InnoDB DEFAULT CHARSET=utf8mb4 COLLATE=utf8mb4_unicode_ci;

--
-- Dumping data for table `User`
--

INSERT INTO `User` (`id`, `name`, `email`, `emailVerified`, `image`, `hashedPassword`, `role`, `created_at`, `updated_at`) VALUES
(1, 'Teor Admin', 'admin@teor.com', NULL, 'https://res.cloudinary.com/dev-empty/image/upload/v1691300986/pum1vzdl0crktqax3l4w.png', '$2a$10$jhyWGWfAD8hsAZ11KZsXHeunlQuk1omuRAYiDzTyshTS24eXKdeC.', 'ADMIN', '2023-08-02 04:36:13.289', '2023-08-06 05:49:49.070'),
(11, 'John Doe', 'john@gmail.com', NULL, NULL, '$2b$12$kwAPS9ExqePb8Xm/TyPXgegn94QfbGHYZANgmRywsHUDUhPDdartC', 'USER', '2023-08-06 05:52:46.976', '2023-08-06 05:52:46.976');
--
-- Indexes for dumped tables
--

--
-- Indexes for table `Account`
--
ALTER TABLE `Account`
  ADD PRIMARY KEY (`id`),
  ADD UNIQUE KEY `Account_provider_providerAccountId_key` (`provider`,`providerAccountId`),
  ADD KEY `Account_userId_idx` (`userId`);

--
-- Indexes for table `Blog`
--
ALTER TABLE `Blog`
  ADD PRIMARY KEY (`id`),
  ADD KEY `Blog_userId_idx` (`userId`);

--
-- Indexes for table `Favourite`
--
ALTER TABLE `Favourite`
  ADD PRIMARY KEY (`id`),
  ADD KEY `Favourite_userId_listingId_idx` (`userId`,`listingId`);

--
-- Indexes for table `Listing`
--
ALTER TABLE `Listing`
  ADD PRIMARY KEY (`id`),
  ADD KEY `Listing_userId_idx` (`userId`);

--
-- Indexes for table `Profile`
--
ALTER TABLE `Profile`
  ADD PRIMARY KEY (`id`),
  ADD UNIQUE KEY `Profile_userId_key` (`userId`);

--
-- Indexes for table `Review`
--
ALTER TABLE `Review`
  ADD PRIMARY KEY (`id`),
  ADD KEY `Review_userId_listingId_idx` (`userId`,`listingId`);

--
-- Indexes for table `Subscription`
--
ALTER TABLE `Subscription`
  ADD PRIMARY KEY (`id`);

--
-- Indexes for table `User`
--
ALTER TABLE `User`
  ADD PRIMARY KEY (`id`),
  ADD UNIQUE KEY `User_email_key` (`email`);

--
-- AUTO_INCREMENT for dumped tables
--

--
-- AUTO_INCREMENT for table `Account`
--
ALTER TABLE `Account`
  MODIFY `id` int(11) NOT NULL AUTO_INCREMENT, AUTO_INCREMENT=9;

--
-- AUTO_INCREMENT for table `Blog`
--
ALTER TABLE `Blog`
  MODIFY `id` int(11) NOT NULL AUTO_INCREMENT, AUTO_INCREMENT=12;

--
-- AUTO_INCREMENT for table `Favourite`
--
ALTER TABLE `Favourite`
  MODIFY `id` int(11) NOT NULL AUTO_INCREMENT, AUTO_INCREMENT=11;

--
-- AUTO_INCREMENT for table `Listing`
--
ALTER TABLE `Listing`
  MODIFY `id` int(11) NOT NULL AUTO_INCREMENT, AUTO_INCREMENT=26;

--
-- AUTO_INCREMENT for table `Profile`
--
ALTER TABLE `Profile`
  MODIFY `id` int(11) NOT NULL AUTO_INCREMENT, AUTO_INCREMENT=2;

--
-- AUTO_INCREMENT for table `Review`
--
ALTER TABLE `Review`
  MODIFY `id` int(11) NOT NULL AUTO_INCREMENT, AUTO_INCREMENT=8;

--
-- AUTO_INCREMENT for table `Subscription`
--
ALTER TABLE `Subscription`
  MODIFY `id` int(11) NOT NULL AUTO_INCREMENT, AUTO_INCREMENT=3;

--
-- AUTO_INCREMENT for table `User`
--
ALTER TABLE `User`
  MODIFY `id` int(11) NOT NULL AUTO_INCREMENT, AUTO_INCREMENT=27;
COMMIT;

/*!40101 SET CHARACTER_SET_CLIENT=@OLD_CHARACTER_SET_CLIENT */;
/*!40101 SET CHARACTER_SET_RESULTS=@OLD_CHARACTER_SET_RESULTS */;
/*!40101 SET COLLATION_CONNECTION=@OLD_COLLATION_CONNECTION */;
